0.025977788493037224,9.0,9.0,12.0,9.0,4.0,7.0,12.0,12.0,12.0,7.0,7.0,2.0,14.0,2.0,2.0,2.0,2.0,3.0,4.0,6.0,10.0,16.0,6.0,10.0,4.0,4.0,7.0,14.0,2.0,14.0,2.0,7.0,7.0,2.0,14.0,2.0,16.0,14.0,14.0,12.0,12.0,12.0,12.0,12.0,4.0,16.0,16.0,16.0,1.0,4.0,14.0,2.0,14.0,2.0,14.0,4.0,4.0,12.0,4.0,12.0,4.0,4.0,2.0,14.0,3.0,16.0,6.0,10.0,4.0,12.0,16.0,3.0,3.0,15.0,12.0,3.0,3.0,3.0,13.0,13.0,8.0,8.0,8.0,3.0,8.0,13.0,1.0,1.0,1.0,13.0,13.0,8.0,3.0,16.0,4.0,11.0,11.0,5.0,5.0,5.0,0.24150253469625205,0.26385772459070894,0.28488323776281893,0.36674146098229854,0.4422837197706309,0.7441203357433724,1.0
0.014378546737134457,6.0,11.0,1.0,11.0,10.0,6.0,15.0,1.0,1.0,1.0,16.0,2.0,12.0,16.0,16.0,3.0,2.0,12.0,16.0,1.0,15.0,16.0,1.0,6.0,4.0,3.0,4.0,4.0,15.0,3.0,3.0,10.0,3.0,12.0,12.0,2.0,3.0,16.0,3.0,5.0,5.0,5.0,5.0,11.0,11.0,10.0,6.0,5.0,10.0,10.0,1.0,15.0,1.0,16.0,16.0,12.0,4.0,12.0,12.0,4.0,7.0,9.0,7.0,9.0,2.0,14.0,2.0,2.0,2.0,2.0,2.0,2.0,3.0,6.0,10.0,5.0,16.0,5.0,6.0,16.0,11.0,11.0,11.0,6.0,5.0,10.0,16.0,4.0,12.0,16.0,4.0,1.0,12.0,16.0,15.0,4.0,4.0,4.0,4.0,9.0,0.30121250797702687,0.3414167198468418,0.37194213997021996,0.44575622208040905,0.5628589661774103,0.8239736226334841,1.0
0.010988513007760048,14.0,14.0,14.0,2.0,14.0,3.0,8.0,8.0,8.0,8.0,13.0,3.0,13.0,3.0,13.0,12.0,15.0,1.0,15.0,15.0,6.0,16.0,4.0,10.0,6.0,6.0,10.0,11.0,11.0,11.0,16.0,16.0,16.0,4.0,3.0,11.0,11.0,5.0,11.0,11.0,11.0,10.0,6.0,1.0,1.0,6.0,1.0,12.0,4.0,1.0,16.0,16.0,15.0,12.0,12.0,4.0,16.0,12.0,16.0,16.0,6.0,2.0,16.0,1.0,10.0,4.0,4.0,15.0,12.0,16.0,4.0,2.0,4.0,12.0,4.0,12.0,12.0,4.0,7.0,7.0,7.0,14.0,2.0,14.0,2.0,2.0,12.0,7.0,7.0,2.0,16.0,6.0,13.0,3.0,3.0,13.0,3.0,8.0,13.0,13.0,0.28695556533216016,0.34260888693356806,0.38440387153541583,0.46689397272327315,0.6169159700835903,0.8418389793224815,1.0
0.006971791386604309,13.0,16.0,16.0,12.0,1.0,15.0,10.0,16.0,4.0,16.0,4.0,12.0,4.0,16.0,1.0,12.0,16.0,16.0,12.0,4.0,16.0,6.0,15.0,5.0,5.0,5.0,5.0,10.0,10.0,6.0,6.0,4.0,10.0,16.0,12.0,16.0,1.0,4.0,14.0,14.0,12.0,14.0,14.0,7.0,7.0,4.0,9.0,4.0,7.0,7.0,6.0,12.0,15.0,16.0,10.0,4.0,7.0,9.0,9.0,9.0,7.0,14.0,14.0,14.0,2.0,14.0,2.0,14.0,14.0,2.0,2.0,2.0,2.0,16.0,16.0,12.0,16.0,4.0,16.0,4.0,16.0,12.0,4.0,16.0,12.0,4.0,16.0,12.0,16.0,1.0,4.0,15.0,6.0,10.0,16.0,12.0,4.0,4.0,12.0,12.0,0.3018326341355708,0.35603886067564583,0.40086111724442486,0.48090086111724434,0.6192316184588212,0.8395893133141974,1.0
0.01472553238272667,9.0,9.0,9.0,2.0,2.0,2.0,16.0,16.0,5.0,5.0,15.0,15.0,11.0,15.0,15.0,16.0,5.0,12.0,12.0,16.0,5.0,5.0,10.0,5.0,5.0,6.0,5.0,10.0,6.0,4.0,4.0,12.0,12.0,4.0,12.0,12.0,9.0,9.0,9.0,7.0,7.0,7.0,14.0,14.0,14.0,1.0,2.0,1.0,16.0,12.0,16.0,4.0,10.0,4.0,16.0,3.0,15.0,12.0,15.0,15.0,15.0,10.0,6.0,10.0,6.0,16.0,10.0,10.0,11.0,11.0,11.0,5.0,5.0,5.0,16.0,16.0,16.0,4.0,12.0,5.0,5.0,11.0,11.0,5.0,5.0,6.0,6.0,6.0,10.0,15.0,6.0,15.0,10.0,10.0,6.0,1.0,16.0,15.0,12.0,16.0,0.2764774722059685,0.3188999414862494,0.36288277745270153,0.4496781743709773,0.5770431051297057,0.761556465769456,1.0
0.018610520288348198,1.0,16.0,16.0,14.0,4.0,4.0,2.0,2.0,2.0,14.0,2.0,2.0,2.0,7.0,7.0,9.0,9.0,9.0,9.0,7.0,12.0,12.0,2.0,16.0,16.0,12.0,14.0,14.0,14.0,9.0,14.0,14.0,7.0,4.0,7.0,12.0,12.0,12.0,16.0,16.0,16.0,6.0,1.0,4.0,12.0,10.0,16.0,14.0,7.0,14.0,9.0,9.0,9.0,9.0,9.0,12.0,16.0,16.0,16.0,4.0,12.0,16.0,15.0,12.0,4.0,16.0,6.0,10.0,16.0,12.0,4.0,16.0,12.0,4.0,4.0,12.0,16.0,16.0,4.0,4.0,4.0,4.0,16.0,16.0,16.0,5.0,5.0,5.0,5.0,5.0,5.0,5.0,5.0,11.0,11.0,6.0,6.0,6.0,6.0,6.0,0.2106551903242562,0.24597462343251472,0.2793648438079692,0.35096831639088827,0.45900422942791436,0.6727016398308232,1.0
0.004545088391751051,6.0,16.0,4.0,9.0,2.0,4.0,2.0,2.0,2.0,2.0,16.0,16.0,14.0,6.0,10.0,16.0,12.0,1.0,6.0,10.0,16.0,13.0,8.0,13.0,8.0,15.0,1.0,1.0,15.0,4.0,6.0,12.0,7.0,9.0,12.0,16.0,10.0,16.0,12.0,4.0,1.0,4.0,16.0,15.0,16.0,12.0,4.0,12.0,16.0,16.0,12.0,16.0,4.0,6.0,1.0,4.0,16.0,12.0,15.0,10.0,4.0,16.0,16.0,12.0,16.0,3.0,12.0,4.0,16.0,1.0,15.0,16.0,16.0,16.0,4.0,12.0,12.0,1.0,3.0,4.0,12.0,3.0,15.0,6.0,16.0,16.0,2.0,13.0,10.0,16.0,1.0,6.0,1.0,7.0,13.0,4.0,12.0,16.0,4.0,4.0,0.20756470756470768,0.23952523952523966,0.277920777920778,0.341841841841842,0.4460174460174464,0.6702416702416719,1.0
0.010770340450108051,16.0,3.0,1.0,12.0,6.0,10.0,4.0,15.0,16.0,1.0,15.0,16.0,16.0,16.0,6.0,10.0,12.0,4.0,16.0,16.0,3.0,1.0,8.0,16.0,12.0,8.0,12.0,2.0,3.0,1.0,1.0,10.0,8.0,1.0,1.0,4.0,4.0,12.0,15.0,16.0,3.0,6.0,10.0,1.0,5.0,3.0,1.0,1.0,1.0,1.0,16.0,4.0,4.0,12.0,16.0,1.0,12.0,16.0,16.0,4.0,16.0,1.0,3.0,8.0,8.0,13.0,1.0,1.0,1.0,1.0,5.0,5.0,11.0,11.0,15.0,15.0,6.0,15.0,1.0,6.0,12.0,1.0,5.0,16.0,1.0,10.0,6.0,15.0,10.0,11.0,5.0,16.0,1.0,15.0,15.0,15.0,12.0,5.0,5.0,10.0,0.2116078662443839,0.24232157324887682,0.27089931501804526,0.3385136628121087,0.44892096928629305,0.6947779332695,1.0
0.010870488360524178,10.0,5.0,16.0,1.0,4.0,2.0,3.0,16.0,16.0,6.0,16.0,3.0,10.0,6.0,10.0,10.0,6.0,5.0,6.0,16.0,16.0,10.0,4.0,12.0,10.0,1.0,12.0,4.0,1.0,1.0,15.0,16.0,12.0,16.0,3.0,3.0,3.0,3.0,3.0,3.0,4.0,16.0,1.0,15.0,16.0,6.0,16.0,16.0,16.0,4.0,3.0,5.0,10.0,16.0,16.0,16.0,16.0,12.0,4.0,16.0,16.0,16.0,4.0,13.0,3.0,6.0,1.0,16.0,16.0,16.0,2.0,6.0,3.0,11.0,3.0,12.0,4.0,10.0,3.0,4.0,1.0,16.0,16.0,16.0,12.0,3.0,15.0,5.0,6.0,16.0,16.0,16.0,16.0,16.0,16.0,16.0,13.0,16.0,16.0,16.0,0.21070995145631075,0.24423543689320396,0.2738925970873787,0.3315382281553399,0.44516080097087396,0.6876516990291265,1.0
0.02495209313929081,16.0,16.0,16.0,15.0,16.0,16.0,16.0,15.0,16.0,16.0,16.0,16.0,16.0,16.0,9.0,15.0,1.0,16.0,6.0,16.0,16.0,16.0,3.0,16.0,14.0,8.0,14.0,16.0,16.0,16.0,16.0,16.0,4.0,16.0,16.0,16.0,16.0,16.0,16.0,16.0,16.0,16.0,16.0,16.0,2.0,16.0,16.0,16.0,4.0,2.0,16.0,16.0,16.0,16.0,16.0,16.0,12.0,3.0,16.0,16.0,16.0,14.0,16.0,16.0,16.0,1.0,6.0,16.0,8.0,2.0,12.0,16.0,16.0,3.0,4.0,12.0,11.0,16.0,7.0,12.0,6.0,14.0,16.0,16.0,16.0,6.0,16.0,16.0,16.0,16.0,6.0,3.0,3.0,1.0,3.0,14.0,16.0,16.0,16.0,3.0,0.2194086064588509,0.2572321500120202,0.28856478884526005,0.3502684509976761,0.4757592755829795,0.712396826668804,1.0
0.02537638321518898,3.0,3.0,6.0,11.0,12.0,16.0,16.0,16.0,16.0,16.0,16.0,16.0,16.0,16.0,16.0,16.0,16.0,16.0,16.0,4.0,12.0,16.0,16.0,16.0,16.0,10.0,16.0,3.0,1.0,10.0,15.0,6.0,7.0,16.0,16.0,16.0,16.0,16.0,16.0,3.0,16.0,16.0,16.0,4.0,7.0,7.0,16.0,16.0,16.0,16.0,2.0,16.0,16.0,16.0,5.0,3.0,16.0,16.0,16.0,16.0,4.0,6.0,12.0,13.0,15.0,16.0,16.0,16.0,14.0,16.0,16.0,16.0,4.0,16.0,3.0,16.0,6.0,10.0,4.0,16.0,16.0,16.0,12.0,16.0,16.0,16.0,16.0,16.0,16.0,16.0,16.0,16.0,16.0,16.0,16.0,16.0,16.0,16.0,16.0,16.0,0.21164613661814122,0.24561403508771942,0.27831280328480784,0.35237028742067955,0.4863755132512135,0.711459499813364,1.0
0.022140003740787506,14.0,16.0,16.0,16.0,16.0,16.0,16.0,16.0,4.0,12.0,8.0,16.0,16.0,16.0,2.0,2.0,3.0,3.0,3.0,3.0,1.0,16.0,16.0,16.0,16.0,16.0,16.0,16.0,2.0,3.0,3.0,12.0,12.0,4.0,12.0,16.0,16.0,16.0,16.0,16.0,16.0,16.0,16.0,16.0,1.0,6.0,1.0,15.0,4.0,3.0,8.0,16.0,16.0,16.0,2.0,16.0,4.0,10.0,16.0,16.0,16.0,9.0,10.0,2.0,16.0,16.0,16.0,1.0,16.0,1.0,15.0,16.0,4.0,16.0,4.0,12.0,16.0,4.0,12.0,16.0,16.0,16.0,4.0,16.0,4.0,1.0,16.0,16.0,16.0,16.0,3.0,16.0,16.0,16.0,16.0,14.0,16.0,16.0,16.0,2.0,0.2167973124300113,0.2504665920119449,0.29092945128779407,0.3864874953340801,0.510339678984696,0.7383351997013815,1.0
0.033492859452962875,16.0,16.0,16.0,16.0,3.0,16.0,6.0,10.0,16.0,16.0,16.0,12.0,16.0,4.0,3.0,3.0,14.0,16.0,16.0,16.0,16.0,16.0,16.0,16.0,15.0,16.0,16.0,16.0,16.0,1.0,16.0,16.0,1.0,16.0,16.0,16.0,16.0,2.0,16.0,1.0,16.0,16.0,16.0,2.0,16.0,16.0,16.0,8.0,2.0,4.0,16.0,16.0,16.0,16.0,16.0,16.0,2.0,16.0,16.0,16.0,16.0,7.0,2.0,6.0,10.0,16.0,16.0,16.0,16.0,16.0,1.0,15.0,15.0,16.0,11.0,11.0,14.0,16.0,16.0,16.0,4.0,16.0,16.0,16.0,16.0,16.0,6.0,2.0,16.0,16.0,16.0,16.0,1.0,10.0,16.0,16.0,16.0,16.0,16.0,16.0,0.22614219025024881,0.26172801714241994,0.3072625698324024,0.4186117701079056,0.5462615749598227,0.7568684472334893,1.0
0.04003265127539635,16.0,16.0,14.0,16.0,16.0,16.0,12.0,16.0,4.0,8.0,12.0,16.0,12.0,16.0,16.0,2.0,16.0,12.0,16.0,3.0,4.0,10.0,5.0,2.0,1.0,10.0,16.0,16.0,16.0,16.0,16.0,7.0,16.0,16.0,16.0,16.0,16.0,16.0,16.0,16.0,16.0,1.0,15.0,16.0,16.0,16.0,4.0,16.0,16.0,16.0,2.0,2.0,16.0,16.0,16.0,4.0,16.0,16.0,16.0,16.0,14.0,1.0,16.0,16.0,16.0,14.0,8.0,14.0,16.0,16.0,16.0,4.0,16.0,16.0,16.0,16.0,16.0,16.0,16.0,16.0,16.0,16.0,16.0,12.0,16.0,16.0,16.0,16.0,16.0,16.0,2.0,16.0,16.0,16.0,2.0,16.0,3.0,16.0,6.0,3.0,0.2431218416619878,0.27993903906312667,0.33448303521296224,0.46402502606882173,0.582176947140451,0.793294296943932,1.0
0.03700127825140953,16.0,16.0,16.0,16.0,3.0,6.0,15.0,1.0,16.0,16.0,16.0,5.0,14.0,16.0,16.0,16.0,4.0,16.0,16.0,16.0,16.0,16.0,12.0,16.0,2.0,16.0,16.0,16.0,16.0,2.0,16.0,8.0,10.0,16.0,16.0,16.0,16.0,2.0,14.0,16.0,16.0,16.0,8.0,16.0,16.0,16.0,7.0,16.0,2.0,3.0,16.0,16.0,16.0,2.0,16.0,16.0,16.0,16.0,6.0,9.0,16.0,16.0,16.0,16.0,2.0,16.0,16.0,16.0,16.0,16.0,16.0,16.0,16.0,1.0,11.0,4.0,16.0,6.0,16.0,16.0,16.0,16.0,16.0,16.0,16.0,16.0,16.0,16.0,16.0,16.0,16.0,16.0,2.0,16.0,16.0,16.0,16.0,2.0,16.0,16.0,0.24907273020480603,0.2862441541686828,0.35849056603773616,0.49145299145299204,0.6136913401064353,0.8165618448637326,1.0
0.04872366786003113,15.0,16.0,16.0,16.0,16.0,16.0,16.0,1.0,16.0,16.0,16.0,1.0,16.0,16.0,16.0,2.0,12.0,16.0,16.0,16.0,12.0,16.0,2.0,16.0,16.0,16.0,16.0,10.0,1.0,16.0,16.0,16.0,1.0,3.0,16.0,14.0,16.0,16.0,16.0,2.0,16.0,16.0,16.0,16.0,14.0,16.0,16.0,16.0,3.0,16.0,16.0,1.0,16.0,4.0,2.0,16.0,16.0,16.0,4.0,6.0,16.0,16.0,16.0,16.0,16.0,16.0,16.0,16.0,15.0,16.0,16.0,16.0,16.0,16.0,16.0,16.0,16.0,16.0,16.0,16.0,9.0,16.0,16.0,16.0,16.0,16.0,16.0,16.0,16.0,16.0,16.0,16.0,4.0,3.0,12.0,16.0,16.0,16.0,16.0,6.0,0.25243649145230884,0.2891835756510626,0.377776002556319,0.5072695318741016,0.6237418117910214,0.8308835277200834,1.0
0.04005482420325279,16.0,16.0,16.0,2.0,16.0,16.0,16.0,16.0,16.0,16.0,16.0,16.0,16.0,16.0,16.0,12.0,4.0,16.0,16.0,16.0,16.0,2.0,16.0,16.0,16.0,16.0,16.0,12.0,1.0,5.0,11.0,16.0,16.0,16.0,16.0,16.0,16.0,16.0,16.0,16.0,16.0,16.0,16.0,16.0,16.0,2.0,16.0,2.0,16.0,16.0,16.0,15.0,16.0,16.0,16.0,16.0,16.0,16.0,16.0,16.0,16.0,16.0,16.0,16.0,16.0,16.0,16.0,1.0,16.0,16.0,16.0,16.0,1.0,14.0,16.0,16.0,16.0,16.0,16.0,16.0,16.0,10.0,16.0,16.0,16.0,16.0,2.0,3.0,16.0,16.0,16.0,16.0,9.0,16.0,16.0,16.0,16.0,6.0,14.0,16.0,0.259677419354839,0.30080645161290354,0.410887096774194,0.5259677419354843,0.6389516129032266,0.8322580645161299,1.0
0.01626458391547203,16.0,16.0,15.0,16.0,16.0,16.0,16.0,16.0,16.0,14.0,16.0,16.0,16.0,16.0,16.0,16.0,2.0,4.0,16.0,16.0,16.0,16.0,16.0,16.0,2.0,16.0,16.0,12.0,10.0,16.0,16.0,3.0,16.0,16.0,16.0,16.0,16.0,16.0,16.0,16.0,14.0,16.0,16.0,16.0,16.0,16.0,16.0,3.0,1.0,1.0,1.0,16.0,16.0,16.0,2.0,16.0,16.0,16.0,16.0,15.0,8.0,16.0,16.0,16.0,12.0,15.0,10.0,16.0,16.0,3.0,4.0,15.0,16.0,16.0,16.0,4.0,16.0,16.0,4.0,6.0,12.0,3.0,1.0,16.0,16.0,16.0,16.0,10.0,12.0,16.0,16.0,16.0,2.0,16.0,16.0,16.0,2.0,1.0,14.0,16.0,0.2665648118366035,0.3123994853650693,0.4303634609199102,0.539080090061113,0.646912190414925,0.8344322933419108,1.0
0.010809961706399918,16.0,16.0,16.0,16.0,16.0,16.0,12.0,4.0,16.0,16.0,3.0,13.0,3.0,15.0,16.0,16.0,1.0,2.0,16.0,3.0,16.0,4.0,12.0,16.0,16.0,1.0,16.0,16.0,16.0,16.0,2.0,6.0,15.0,16.0,16.0,16.0,16.0,16.0,1.0,4.0,16.0,5.0,16.0,16.0,16.0,6.0,10.0,16.0,12.0,15.0,12.0,4.0,3.0,16.0,12.0,7.0,16.0,16.0,16.0,2.0,16.0,16.0,3.0,16.0,16.0,16.0,6.0,10.0,8.0,16.0,16.0,2.0,4.0,12.0,16.0,16.0,16.0,16.0,12.0,4.0,2.0,10.0,16.0,12.0,4.0,16.0,12.0,4.0,16.0,4.0,15.0,16.0,16.0,16.0,1.0,15.0,3.0,16.0,3.0,1.0,0.2646780303030304,0.31684027777777785,0.4330808080808082,0.5371685606060607,0.6480429292929298,0.8348327020202022,1.0
0.011559461243450642,1.0,12.0,10.0,16.0,16.0,16.0,16.0,16.0,16.0,16.0,16.0,16.0,16.0,16.0,4.0,16.0,16.0,9.0,4.0,6.0,1.0,1.0,14.0,16.0,16.0,3.0,1.0,16.0,10.0,12.0,8.0,6.0,16.0,16.0,16.0,16.0,16.0,16.0,2.0,15.0,8.0,6.0,1.0,16.0,16.0,16.0,2.0,3.0,12.0,14.0,16.0,16.0,16.0,4.0,16.0,10.0,4.0,12.0,16.0,16.0,7.0,4.0,16.0,10.0,16.0,1.0,1.0,16.0,9.0,16.0,16.0,16.0,14.0,16.0,12.0,16.0,16.0,16.0,16.0,3.0,6.0,16.0,16.0,16.0,16.0,16.0,16.0,4.0,16.0,6.0,10.0,15.0,12.0,1.0,16.0,4.0,12.0,16.0,16.0,1.0,0.26852889386905715,0.3213542500400192,0.4402113014246839,0.5450616295821995,0.659196414278854,0.842484392508404,1.0
0.007517825346440077,6.0,2.0,16.0,16.0,12.0,16.0,16.0,16.0,16.0,16.0,4.0,1.0,4.0,2.0,6.0,3.0,15.0,12.0,4.0,10.0,16.0,2.0,12.0,4.0,16.0,12.0,4.0,16.0,16.0,12.0,4.0,16.0,16.0,4.0,16.0,12.0,16.0,2.0,16.0,16.0,16.0,4.0,1.0,1.0,15.0,6.0,10.0,16.0,15.0,16.0,16.0,16.0,16.0,14.0,16.0,16.0,16.0,16.0,12.0,16.0,16.0,10.0,4.0,16.0,6.0,10.0,16.0,6.0,10.0,16.0,1.0,12.0,1.0,15.0,16.0,6.0,10.0,16.0,16.0,16.0,1.0,16.0,16.0,16.0,7.0,16.0,16.0,16.0,15.0,16.0,16.0,16.0,16.0,16.0,16.0,16.0,16.0,4.0,16.0,12.0,0.2691104515922035,0.3220502125611615,0.44148552177749273,0.5462420790887945,0.658698965268309,0.841100505334082,1.0
0.015151227824389935,16.0,16.0,16.0,2.0,3.0,16.0,9.0,16.0,16.0,16.0,16.0,2.0,16.0,16.0,16.0,16.0,12.0,4.0,5.0,4.0,16.0,16.0,16.0,16.0,16.0,16.0,16.0,16.0,16.0,16.0,16.0,16.0,2.0,1.0,7.0,16.0,16.0,16.0,9.0,4.0,12.0,15.0,16.0,16.0,16.0,2.0,16.0,5.0,12.0,6.0,16.0,16.0,16.0,2.0,16.0,16.0,16.0,4.0,16.0,16.0,10.0,16.0,4.0,16.0,16.0,16.0,16.0,16.0,2.0,16.0,1.0,15.0,4.0,16.0,16.0,16.0,16.0,12.0,2.0,16.0,16.0,16.0,16.0,12.0,16.0,16.0,16.0,16.0,16.0,16.0,16.0,16.0,12.0,16.0,4.0,16.0,4.0,3.0,14.0,10.0,0.2680140597539542,0.32073813708260096,0.4409650103850454,0.5440166160728549,0.6601693561271769,0.8451030516056877,1.0
0.016124561429023743,16.0,16.0,12.0,12.0,4.0,16.0,6.0,3.0,16.0,16.0,16.0,16.0,16.0,1.0,16.0,16.0,16.0,4.0,16.0,16.0,1.0,16.0,16.0,16.0,16.0,16.0,16.0,2.0,15.0,6.0,12.0,16.0,16.0,16.0,16.0,16.0,16.0,16.0,2.0,4.0,1.0,15.0,9.0,10.0,12.0,16.0,16.0,16.0,2.0,10.0,16.0,16.0,16.0,4.0,16.0,16.0,2.0,16.0,12.0,16.0,16.0,16.0,11.0,14.0,16.0,16.0,16.0,16.0,16.0,16.0,16.0,6.0,16.0,16.0,10.0,16.0,16.0,16.0,16.0,16.0,1.0,16.0,1.0,13.0,16.0,1.0,16.0,16.0,16.0,16.0,16.0,14.0,16.0,16.0,16.0,16.0,14.0,16.0,16.0,16.0,0.267707752370329,0.32228507688630387,0.44721536132579076,0.5459325950123495,0.6610628635168514,0.842881045335033,1.0
0.04172370955348015,16.0,16.0,16.0,14.0,12.0,1.0,10.0,15.0,16.0,1.0,6.0,16.0,16.0,16.0,16.0,6.0,15.0,16.0,16.0,16.0,16.0,16.0,6.0,16.0,16.0,16.0,16.0,16.0,16.0,16.0,16.0,16.0,16.0,16.0,12.0,16.0,5.0,2.0,16.0,16.0,16.0,4.0,4.0,12.0,16.0,16.0,16.0,16.0,15.0,7.0,16.0,16.0,16.0,16.0,16.0,16.0,2.0,10.0,16.0,16.0,16.0,16.0,4.0,16.0,16.0,16.0,1.0,16.0,16.0,16.0,14.0,16.0,16.0,16.0,16.0,16.0,16.0,16.0,10.0,16.0,10.0,8.0,16.0,16.0,16.0,16.0,12.0,16.0,16.0,2.0,16.0,14.0,16.0,16.0,16.0,16.0,16.0,16.0,16.0,16.0,0.27001118389519085,0.32792778399105277,0.4541460297172071,0.5544016616072853,0.6674388880012779,0.8428662725675028,1.0
0.04348653182387352,16.0,16.0,2.0,16.0,14.0,6.0,14.0,16.0,16.0,16.0,16.0,16.0,15.0,16.0,16.0,16.0,16.0,16.0,16.0,15.0,10.0,12.0,4.0,5.0,16.0,16.0,16.0,16.0,4.0,16.0,12.0,4.0,14.0,16.0,16.0,16.0,2.0,11.0,14.0,16.0,14.0,16.0,16.0,16.0,14.0,12.0,14.0,15.0,16.0,16.0,1.0,16.0,14.0,16.0,16.0,16.0,14.0,16.0,16.0,16.0,16.0,6.0,14.0,16.0,16.0,16.0,14.0,16.0,16.0,16.0,16.0,16.0,16.0,16.0,12.0,16.0,16.0,4.0,8.0,16.0,16.0,16.0,16.0,16.0,16.0,16.0,16.0,16.0,16.0,9.0,14.0,16.0,16.0,16.0,16.0,16.0,16.0,16.0,16.0,1.0,0.2748561381074168,0.3388746803069053,0.46643222506393855,0.559782608695652,0.6773497442455242,0.8455882352941174,1.0
0.047615859657526016,7.0,10.0,6.0,16.0,16.0,16.0,5.0,16.0,16.0,16.0,16.0,16.0,16.0,4.0,15.0,16.0,16.0,16.0,4.0,12.0,5.0,16.0,4.0,12.0,16.0,16.0,16.0,2.0,16.0,16.0,16.0,16.0,16.0,16.0,2.0,6.0,16.0,16.0,16.0,2.0,16.0,16.0,16.0,16.0,16.0,16.0,16.0,16.0,16.0,15.0,2.0,16.0,16.0,16.0,16.0,16.0,16.0,16.0,16.0,16.0,16.0,16.0,16.0,16.0,3.0,15.0,16.0,16.0,16.0,16.0,6.0,16.0,16.0,16.0,16.0,16.0,16.0,16.0,14.0,16.0,16.0,16.0,16.0,4.0,1.0,14.0,16.0,16.0,16.0,14.0,16.0,16.0,16.0,16.0,16.0,16.0,16.0,16.0,10.0,2.0,0.2804525758305248,0.3514684641309581,0.4764082811747713,0.5674851548708072,0.6875300914780933,0.848900658000321,1.0
0.04258093610405922,16.0,16.0,16.0,16.0,16.0,16.0,16.0,1.0,16.0,3.0,16.0,3.0,9.0,7.0,9.0,2.0,10.0,12.0,16.0,10.0,16.0,16.0,16.0,16.0,16.0,6.0,12.0,16.0,16.0,16.0,9.0,16.0,16.0,16.0,16.0,16.0,16.0,2.0,4.0,12.0,16.0,16.0,16.0,16.0,16.0,16.0,16.0,16.0,11.0,14.0,16.0,16.0,16.0,10.0,16.0,14.0,1.0,16.0,16.0,16.0,16.0,6.0,16.0,16.0,16.0,16.0,2.0,16.0,16.0,4.0,4.0,14.0,16.0,10.0,7.0,15.0,16.0,16.0,16.0,4.0,16.0,16.0,16.0,16.0,16.0,16.0,16.0,4.0,16.0,16.0,16.0,16.0,7.0,16.0,16.0,16.0,5.0,16.0,16.0,16.0,0.281190324633991,0.36242838956078927,0.48313176320814766,0.5708943348185868,0.6902450668364098,0.8547899427116487,1.0
0.03504813462495804,16.0,16.0,16.0,16.0,16.0,16.0,16.0,16.0,13.0,16.0,14.0,16.0,16.0,16.0,15.0,16.0,16.0,16.0,16.0,16.0,16.0,16.0,16.0,16.0,2.0,4.0,16.0,16.0,16.0,14.0,16.0,16.0,16.0,14.0,16.0,16.0,16.0,12.0,16.0,16.0,16.0,16.0,16.0,14.0,16.0,16.0,16.0,16.0,16.0,16.0,16.0,16.0,16.0,3.0,10.0,16.0,15.0,16.0,16.0,16.0,16.0,14.0,16.0,16.0,16.0,16.0,16.0,16.0,16.0,16.0,16.0,16.0,2.0,16.0,16.0,16.0,4.0,1.0,14.0,16.0,16.0,16.0,12.0,16.0,16.0,16.0,16.0,16.0,16.0,16.0,11.0,6.0,16.0,16.0,15.0,12.0,16.0,16.0,16.0,16.0,0.28332800511508943,0.36964514066496157,0.48793158567774925,0.5758471867007672,0.6929347826086955,0.8531010230179027,1.0
0.015150618739426136,2.0,16.0,16.0,16.0,16.0,4.0,4.0,10.0,16.0,16.0,1.0,15.0,16.0,1.0,6.0,14.0,16.0,16.0,16.0,12.0,16.0,16.0,16.0,15.0,16.0,16.0,16.0,4.0,4.0,16.0,16.0,16.0,2.0,16.0,16.0,16.0,16.0,8.0,16.0,16.0,16.0,2.0,12.0,16.0,16.0,16.0,16.0,5.0,16.0,14.0,16.0,16.0,16.0,16.0,7.0,16.0,16.0,16.0,16.0,16.0,16.0,16.0,12.0,4.0,4.0,16.0,16.0,16.0,16.0,16.0,16.0,16.0,6.0,16.0,16.0,3.0,12.0,1.0,16.0,16.0,16.0,10.0,16.0,16.0,16.0,10.0,10.0,16.0,16.0,16.0,16.0,16.0,3.0,16.0,16.0,16.0,2.0,16.0,16.0,16.0,0.28595331049318773,0.38243964624332716,0.49581706636921363,0.5823440363317662,0.6970759302047643,0.8611266034578918,1.0
0.024197237566113472,16.0,16.0,16.0,16.0,2.0,15.0,16.0,16.0,16.0,11.0,16.0,16.0,16.0,16.0,16.0,16.0,8.0,16.0,16.0,16.0,16.0,16.0,16.0,12.0,4.0,16.0,3.0,16.0,16.0,16.0,16.0,16.0,16.0,16.0,16.0,16.0,16.0,16.0,16.0,16.0,12.0,10.0,16.0,16.0,1.0,16.0,16.0,10.0,16.0,16.0,16.0,16.0,6.0,16.0,16.0,16.0,16.0,16.0,16.0,16.0,16.0,16.0,16.0,16.0,4.0,5.0,5.0,2.0,8.0,16.0,16.0,16.0,2.0,16.0,8.0,14.0,16.0,16.0,16.0,16.0,16.0,16.0,16.0,16.0,16.0,16.0,16.0,16.0,2.0,12.0,14.0,16.0,16.0,16.0,9.0,4.0,16.0,16.0,16.0,16.0,0.29011059464657796,0.39028690495271673,0.5024843724955922,0.5895976919378105,0.701634877384196,0.8647219105625901,1.0
0.016085980460047722,1.0,16.0,16.0,16.0,16.0,3.0,14.0,16.0,16.0,16.0,6.0,12.0,16.0,16.0,16.0,16.0,15.0,6.0,16.0,16.0,16.0,16.0,16.0,16.0,16.0,16.0,14.0,16.0,16.0,10.0,4.0,13.0,16.0,16.0,16.0,16.0,16.0,16.0,16.0,12.0,3.0,12.0,16.0,16.0,16.0,16.0,16.0,4.0,16.0,16.0,16.0,16.0,4.0,2.0,4.0,16.0,16.0,16.0,2.0,9.0,1.0,16.0,16.0,16.0,14.0,16.0,16.0,12.0,16.0,16.0,16.0,16.0,12.0,3.0,1.0,16.0,16.0,16.0,16.0,16.0,16.0,16.0,1.0,16.0,1.0,7.0,14.0,16.0,15.0,16.0,16.0,16.0,13.0,16.0,15.0,16.0,10.0,16.0,16.0,16.0,0.2933977455716587,0.3997584541062802,0.5093397745571658,0.5933977455716586,0.7049114331723028,0.8624798711755236,1.0
0.030292415991425514,14.0,7.0,16.0,16.0,16.0,16.0,4.0,6.0,4.0,16.0,16.0,16.0,1.0,16.0,14.0,16.0,16.0,16.0,16.0,16.0,16.0,16.0,16.0,2.0,3.0,1.0,15.0,16.0,16.0,16.0,16.0,12.0,16.0,16.0,16.0,10.0,16.0,16.0,16.0,16.0,16.0,16.0,16.0,16.0,15.0,16.0,16.0,16.0,16.0,7.0,16.0,16.0,16.0,4.0,16.0,16.0,16.0,16.0,6.0,10.0,16.0,16.0,16.0,16.0,15.0,16.0,16.0,16.0,16.0,10.0,12.0,16.0,16.0,16.0,16.0,3.0,4.0,16.0,16.0,16.0,2.0,16.0,16.0,16.0,2.0,16.0,16.0,16.0,16.0,1.0,15.0,16.0,16.0,16.0,2.0,16.0,16.0,16.0,16.0,16.0,0.2944382112518034,0.40150665170700456,0.5093765026446548,0.5915210770956884,0.7042795319762788,0.86095528129508,1.0
0.024115724489092827,16.0,16.0,16.0,16.0,16.0,16.0,4.0,14.0,12.0,16.0,1.0,14.0,12.0,16.0,7.0,2.0,4.0,12.0,4.0,16.0,4.0,12.0,12.0,15.0,10.0,3.0,2.0,14.0,16.0,16.0,16.0,4.0,16.0,16.0,16.0,9.0,16.0,15.0,16.0,16.0,16.0,16.0,16.0,14.0,16.0,16.0,16.0,4.0,16.0,16.0,16.0,16.0,9.0,7.0,16.0,16.0,16.0,16.0,16.0,16.0,16.0,16.0,16.0,16.0,6.0,2.0,1.0,16.0,16.0,8.0,12.0,1.0,14.0,10.0,8.0,3.0,2.0,4.0,10.0,2.0,16.0,16.0,16.0,16.0,16.0,16.0,16.0,6.0,7.0,10.0,14.0,16.0,16.0,16.0,9.0,1.0,15.0,10.0,3.0,4.0,0.29762477932916076,0.41004654148611785,0.5136414700690098,0.5971754132562991,0.7059861980420481,0.8620606644198365,1.0
0.016382994130253792,16.0,16.0,16.0,12.0,5.0,16.0,16.0,16.0,16.0,12.0,3.0,12.0,16.0,16.0,16.0,2.0,16.0,16.0,16.0,16.0,16.0,16.0,16.0,3.0,14.0,15.0,6.0,16.0,10.0,4.0,16.0,16.0,16.0,1.0,16.0,16.0,1.0,2.0,14.0,16.0,16.0,16.0,16.0,8.0,16.0,16.0,16.0,16.0,16.0,16.0,14.0,16.0,16.0,16.0,1.0,15.0,3.0,16.0,2.0,15.0,4.0,12.0,16.0,4.0,12.0,16.0,16.0,16.0,16.0,16.0,16.0,16.0,4.0,16.0,6.0,8.0,16.0,16.0,4.0,16.0,2.0,16.0,16.0,16.0,2.0,16.0,16.0,2.0,16.0,10.0,14.0,16.0,16.0,16.0,12.0,16.0,4.0,12.0,16.0,2.0,0.29781068898905355,0.4104958145524792,0.5123953638119769,0.5980360592401804,0.7075016097875082,0.8606728911783649,1.0
0.020822353661060333,16.0,16.0,16.0,16.0,16.0,16.0,16.0,1.0,4.0,4.0,16.0,16.0,16.0,1.0,12.0,16.0,3.0,1.0,15.0,4.0,16.0,12.0,4.0,16.0,6.0,12.0,16.0,16.0,16.0,16.0,16.0,16.0,16.0,16.0,16.0,5.0,10.0,16.0,16.0,16.0,16.0,16.0,16.0,2.0,3.0,16.0,9.0,16.0,16.0,16.0,16.0,16.0,16.0,16.0,16.0,16.0,16.0,12.0,16.0,4.0,16.0,14.0,16.0,16.0,16.0,16.0,16.0,16.0,6.0,15.0,16.0,16.0,16.0,6.0,16.0,4.0,12.0,5.0,16.0,16.0,16.0,1.0,16.0,16.0,16.0,16.0,12.0,10.0,1.0,16.0,16.0,15.0,14.0,3.0,16.0,16.0,16.0,14.0,16.0,16.0,0.2986312399355878,0.4114331723027375,0.5129629629629628,0.5971819645732688,0.7061191626409018,0.8561996779388085,1.0
0.02275604009628296,16.0,5.0,4.0,16.0,16.0,16.0,16.0,16.0,2.0,4.0,12.0,16.0,16.0,16.0,16.0,16.0,16.0,6.0,8.0,16.0,16.0,16.0,12.0,4.0,3.0,16.0,2.0,1.0,15.0,16.0,16.0,16.0,16.0,3.0,5.0,4.0,13.0,16.0,16.0,16.0,6.0,1.0,10.0,16.0,16.0,16.0,16.0,2.0,16.0,16.0,10.0,5.0,16.0,16.0,16.0,2.0,16.0,16.0,16.0,16.0,16.0,16.0,16.0,16.0,6.0,15.0,16.0,16.0,16.0,16.0,16.0,16.0,16.0,16.0,16.0,2.0,16.0,16.0,16.0,2.0,3.0,16.0,16.0,16.0,2.0,12.0,16.0,16.0,12.0,4.0,2.0,14.0,16.0,16.0,16.0,2.0,2.0,10.0,4.0,16.0,0.29997580840254834,0.4140795097169585,0.5153616643819049,0.598903314248851,0.7072010321748249,0.8575114910087901,1.0
0.02059752121567726,16.0,16.0,16.0,16.0,13.0,4.0,5.0,13.0,16.0,16.0,16.0,14.0,16.0,16.0,16.0,16.0,16.0,16.0,1.0,16.0,10.0,14.0,16.0,16.0,16.0,1.0,16.0,16.0,16.0,12.0,10.0,16.0,16.0,16.0,16.0,16.0,16.0,16.0,15.0,16.0,16.0,16.0,16.0,16.0,1.0,16.0,16.0,16.0,16.0,14.0,16.0,16.0,16.0,16.0,16.0,16.0,4.0,1.0,12.0,16.0,3.0,3.0,15.0,16.0,16.0,16.0,16.0,16.0,16.0,8.0,16.0,12.0,16.0,16.0,16.0,2.0,5.0,16.0,16.0,16.0,16.0,16.0,16.0,16.0,16.0,6.0,16.0,16.0,16.0,2.0,4.0,12.0,2.0,16.0,16.0,16.0,2.0,2.0,16.0,12.0,0.3000804505229284,0.416733708769107,0.5161705551086081,0.5991150442477875,0.7071600965406275,0.8562349155269511,1.0
0.01888730190694332,4.0,16.0,12.0,10.0,16.0,16.0,16.0,16.0,16.0,16.0,16.0,16.0,16.0,8.0,12.0,1.0,11.0,8.0,5.0,11.0,16.0,16.0,16.0,16.0,16.0,16.0,16.0,16.0,16.0,1.0,12.0,14.0,16.0,16.0,16.0,16.0,4.0,16.0,1.0,16.0,16.0,16.0,16.0,12.0,16.0,3.0,16.0,16.0,16.0,2.0,12.0,4.0,16.0,12.0,4.0,14.0,16.0,16.0,16.0,16.0,16.0,16.0,16.0,16.0,16.0,16.0,16.0,4.0,15.0,16.0,6.0,3.0,1.0,16.0,16.0,16.0,16.0,3.0,3.0,16.0,10.0,14.0,16.0,16.0,16.0,16.0,16.0,16.0,16.0,4.0,16.0,16.0,16.0,16.0,16.0,12.0,12.0,4.0,16.0,16.0,0.30127275656516844,0.4200902207185437,0.5188496858385694,0.6034316094731752,0.7091187369099408,0.85621072982117,1.0
0.016120459884405136,16.0,16.0,16.0,16.0,16.0,16.0,1.0,16.0,4.0,6.0,16.0,16.0,16.0,16.0,16.0,2.0,12.0,14.0,4.0,16.0,16.0,1.0,16.0,15.0,6.0,12.0,10.0,2.0,16.0,12.0,16.0,16.0,16.0,16.0,16.0,16.0,16.0,16.0,16.0,7.0,14.0,16.0,16.0,16.0,16.0,16.0,16.0,5.0,16.0,16.0,16.0,16.0,12.0,4.0,1.0,16.0,4.0,16.0,15.0,16.0,16.0,16.0,16.0,16.0,16.0,12.0,16.0,14.0,16.0,16.0,16.0,16.0,15.0,4.0,16.0,16.0,16.0,16.0,16.0,16.0,16.0,4.0,8.0,4.0,16.0,16.0,16.0,2.0,12.0,4.0,16.0,16.0,2.0,16.0,12.0,2.0,16.0,16.0,16.0,16.0,0.30188070062151917,0.4221486802808945,0.5215110178384051,0.6073936556622812,0.7114375655823721,0.8555977076438779,1.0
0.021367663517594337,6.0,12.0,16.0,16.0,16.0,16.0,16.0,16.0,16.0,6.0,16.0,16.0,16.0,16.0,16.0,16.0,16.0,2.0,6.0,1.0,16.0,16.0,16.0,14.0,16.0,16.0,16.0,16.0,12.0,16.0,6.0,3.0,9.0,7.0,16.0,11.0,10.0,16.0,16.0,16.0,16.0,16.0,1.0,16.0,16.0,16.0,16.0,3.0,16.0,4.0,16.0,16.0,16.0,16.0,16.0,16.0,16.0,16.0,14.0,16.0,16.0,16.0,15.0,16.0,16.0,16.0,16.0,16.0,12.0,16.0,16.0,16.0,16.0,12.0,16.0,16.0,16.0,7.0,6.0,16.0,2.0,4.0,9.0,9.0,16.0,16.0,16.0,14.0,16.0,16.0,16.0,16.0,16.0,16.0,16.0,16.0,16.0,16.0,2.0,12.0,0.3000480846289472,0.42114120852700776,0.5189132873857993,0.603862798525405,0.7088475717262386,0.8547042795319771,1.0
0.022002199664711952,1.0,12.0,16.0,16.0,16.0,16.0,10.0,16.0,4.0,6.0,16.0,14.0,16.0,16.0,16.0,16.0,16.0,16.0,9.0,16.0,15.0,16.0,7.0,16.0,16.0,16.0,8.0,12.0,16.0,16.0,16.0,2.0,4.0,16.0,16.0,16.0,3.0,4.0,3.0,12.0,4.0,16.0,12.0,4.0,16.0,10.0,16.0,16.0,1.0,16.0,16.0,16.0,16.0,16.0,16.0,16.0,2.0,16.0,16.0,16.0,16.0,12.0,3.0,3.0,16.0,16.0,16.0,2.0,8.0,8.0,15.0,16.0,16.0,16.0,16.0,16.0,16.0,16.0,16.0,16.0,16.0,16.0,16.0,1.0,4.0,16.0,16.0,16.0,2.0,16.0,4.0,6.0,16.0,16.0,16.0,16.0,14.0,16.0,16.0,16.0,0.30195012787723824,0.42239450127877276,0.518702046035806,0.6053388746803071,0.7073209718670083,0.8499040920716121,1.0
0.035335492342710495,12.0,3.0,8.0,12.0,12.0,14.0,16.0,16.0,16.0,2.0,1.0,12.0,2.0,6.0,16.0,4.0,3.0,4.0,2.0,8.0,10.0,4.0,16.0,16.0,16.0,16.0,12.0,3.0,2.0,2.0,1.0,1.0,1.0,2.0,2.0,2.0,2.0,1.0,15.0,2.0,2.0,2.0,2.0,2.0,2.0,2.0,2.0,12.0,1.0,2.0,2.0,2.0,2.0,2.0,2.0,16.0,16.0,16.0,16.0,2.0,2.0,2.0,2.0,2.0,2.0,2.0,2.0,2.0,2.0,2.0,2.0,2.0,2.0,3.0,1.0,2.0,2.0,2.0,2.0,2.0,2.0,2.0,2.0,2.0,2.0,2.0,2.0,16.0,16.0,16.0,1.0,1.0,1.0,16.0,1.0,1.0,2.0,2.0,2.0,2.0,0.30294541379862344,0.4250040019209222,0.5219305266527934,0.6080518648951497,0.7083400032015369,0.8504081959340486,1.0
0.08754531294107437,2.0,2.0,2.0,2.0,2.0,1.0,1.0,2.0,2.0,2.0,2.0,2.0,2.0,2.0,16.0,16.0,16.0,2.0,14.0,16.0,16.0,16.0,1.0,2.0,16.0,16.0,16.0,14.0,2.0,16.0,2.0,2.0,2.0,6.0,3.0,2.0,10.0,3.0,2.0,2.0,1.0,1.0,2.0,2.0,1.0,2.0,1.0,2.0,2.0,2.0,2.0,2.0,1.0,1.0,1.0,2.0,2.0,2.0,2.0,2.0,2.0,1.0,2.0,2.0,2.0,3.0,1.0,2.0,2.0,1.0,2.0,2.0,1.0,2.0,2.0,2.0,1.0,2.0,2.0,2.0,2.0,2.0,2.0,2.0,16.0,16.0,16.0,16.0,16.0,16.0,1.0,1.0,2.0,1.0,16.0,1.0,1.0,1.0,16.0,2.0,0.2977239942298447,0.41713415611476223,0.5165891969866968,0.603862798525405,0.7078858791472998,0.8494951113960576,1.0
0.013897846452891827,2.0,2.0,2.0,1.0,2.0,1.0,16.0,2.0,2.0,2.0,2.0,1.0,1.0,2.0,1.0,2.0,2.0,2.0,1.0,3.0,2.0,16.0,16.0,16.0,16.0,2.0,16.0,16.0,16.0,16.0,1.0,2.0,1.0,1.0,2.0,5.0,16.0,4.0,16.0,16.0,16.0,11.0,14.0,16.0,16.0,16.0,12.0,6.0,1.0,16.0,16.0,16.0,16.0,4.0,12.0,15.0,16.0,4.0,5.0,16.0,16.0,16.0,16.0,16.0,16.0,1.0,3.0,4.0,16.0,12.0,1.0,16.0,6.0,10.0,16.0,16.0,16.0,16.0,6.0,10.0,16.0,6.0,4.0,10.0,4.0,15.0,16.0,4.0,4.0,12.0,9.0,3.0,5.0,12.0,12.0,1.0,16.0,16.0,16.0,16.0,0.2937862202189312,0.4088860270444303,0.5127978106889891,0.6002092723760464,0.7067772054088866,0.8509336767546688,1.0
0.016240233555436134,16.0,4.0,16.0,1.0,15.0,6.0,16.0,2.0,16.0,7.0,12.0,4.0,2.0,4.0,3.0,5.0,2.0,16.0,16.0,16.0,2.0,1.0,3.0,3.0,2.0,4.0,2.0,5.0,3.0,1.0,2.0,1.0,2.0,2.0,2.0,1.0,2.0,1.0,6.0,12.0,16.0,4.0,15.0,1.0,2.0,1.0,3.0,1.0,1.0,7.0,10.0,1.0,2.0,12.0,16.0,1.0,2.0,16.0,16.0,16.0,16.0,4.0,2.0,1.0,3.0,1.0,4.0,4.0,4.0,3.0,4.0,3.0,16.0,4.0,16.0,16.0,16.0,2.0,3.0,10.0,2.0,8.0,2.0,5.0,3.0,7.0,1.0,3.0,16.0,2.0,3.0,1.0,1.0,16.0,16.0,16.0,2.0,12.0,1.0,15.0,0.29169349645846765,0.4004346426271733,0.5103831294269158,0.5976336123631683,0.7034771410173859,0.8478750804893758,1.0
0.016525084152817726,16.0,5.0,1.0,3.0,2.0,7.0,3.0,6.0,5.0,5.0,8.0,3.0,2.0,3.0,1.0,1.0,3.0,2.0,2.0,15.0,1.0,2.0,3.0,16.0,6.0,4.0,4.0,3.0,4.0,1.0,4.0,8.0,1.0,6.0,4.0,2.0,4.0,4.0,16.0,16.0,16.0,2.0,6.0,5.0,7.0,2.0,1.0,14.0,16.0,16.0,16.0,2.0,6.0,2.0,9.0,4.0,16.0,16.0,3.0,12.0,5.0,16.0,12.0,4.0,16.0,16.0,12.0,4.0,12.0,16.0,16.0,1.0,16.0,16.0,4.0,3.0,14.0,16.0,16.0,16.0,4.0,16.0,16.0,16.0,16.0,3.0,1.0,16.0,16.0,16.0,16.0,4.0,12.0,12.0,6.0,15.0,16.0,11.0,15.0,16.0,0.2869446233097232,0.39117836445589194,0.5046683837733421,0.5932066967160337,0.7009014810045078,0.8459433354797169,1.0
0.008695912547409534,16.0,1.0,16.0,10.0,16.0,16.0,1.0,16.0,4.0,16.0,16.0,16.0,16.0,15.0,16.0,4.0,12.0,3.0,12.0,16.0,15.0,16.0,16.0,16.0,12.0,6.0,10.0,16.0,4.0,16.0,1.0,15.0,16.0,16.0,16.0,8.0,14.0,9.0,6.0,10.0,16.0,16.0,4.0,4.0,8.0,16.0,16.0,2.0,1.0,16.0,16.0,16.0,16.0,6.0,12.0,4.0,12.0,15.0,12.0,16.0,1.0,16.0,16.0,16.0,2.0,16.0,4.0,10.0,16.0,3.0,12.0,16.0,15.0,16.0,16.0,16.0,16.0,16.0,16.0,2.0,4.0,9.0,14.0,16.0,16.0,16.0,16.0,16.0,16.0,16.0,2.0,3.0,16.0,2.0,4.0,3.0,12.0,12.0,2.0,16.0,0.2857373476471064,0.38300104931794343,0.5016546936798775,0.5904431350391478,0.7000565017354108,0.8434901929130683,1.0
0.007520192768424749,16.0,16.0,1.0,12.0,4.0,15.0,6.0,16.0,16.0,16.0,16.0,10.0,5.0,16.0,16.0,16.0,16.0,16.0,9.0,4.0,16.0,16.0,16.0,16.0,16.0,3.0,16.0,1.0,4.0,12.0,13.0,12.0,10.0,6.0,10.0,15.0,16.0,16.0,16.0,16.0,16.0,16.0,4.0,12.0,8.0,16.0,4.0,12.0,16.0,2.0,4.0,4.0,16.0,3.0,6.0,2.0,2.0,2.0,16.0,16.0,16.0,16.0,16.0,12.0,4.0,15.0,3.0,1.0,15.0,16.0,4.0,2.0,3.0,16.0,16.0,16.0,12.0,16.0,16.0,1.0,16.0,12.0,16.0,4.0,4.0,15.0,8.0,16.0,16.0,16.0,16.0,16.0,16.0,16.0,4.0,6.0,16.0,4.0,12.0,12.0,0.28577202910266797,0.38156831042845624,0.5021018593371062,0.589894907033145,0.70032336297494,0.8443815683104291,1.0
0.01438493188470602,14.0,16.0,16.0,16.0,1.0,16.0,16.0,1.0,16.0,3.0,15.0,16.0,16.0,16.0,2.0,16.0,16.0,16.0,12.0,10.0,3.0,16.0,4.0,12.0,16.0,4.0,16.0,15.0,16.0,16.0,16.0,16.0,2.0,16.0,16.0,16.0,16.0,16.0,8.0,13.0,6.0,10.0,11.0,16.0,16.0,16.0,12.0,12.0,2.0,1.0,8.0,12.0,16.0,16.0,1.0,4.0,16.0,16.0,16.0,3.0,12.0,4.0,16.0,16.0,16.0,16.0,16.0,2.0,10.0,16.0,12.0,1.0,3.0,4.0,6.0,1.0,4.0,10.0,15.0,3.0,3.0,9.0,10.0,16.0,6.0,1.0,1.0,4.0,12.0,10.0,16.0,6.0,16.0,16.0,16.0,16.0,16.0,16.0,16.0,2.0,0.2845594179466453,0.37631366208569145,0.5004850444624094,0.5885206143896529,0.7000808407437353,0.8438965238480205,1.0
0.020609525963664055,1.0,12.0,16.0,1.0,1.0,16.0,4.0,3.0,16.0,16.0,16.0,16.0,16.0,16.0,16.0,16.0,14.0,16.0,16.0,16.0,10.0,9.0,16.0,5.0,16.0,16.0,16.0,16.0,15.0,16.0,12.0,16.0,16.0,16.0,2.0,14.0,16.0,16.0,16.0,16.0,16.0,16.0,16.0,16.0,16.0,16.0,16.0,9.0,15.0,4.0,7.0,16.0,16.0,16.0,16.0,16.0,16.0,4.0,3.0,16.0,12.0,16.0,14.0,4.0,6.0,10.0,16.0,6.0,10.0,16.0,16.0,16.0,15.0,16.0,16.0,16.0,12.0,16.0,16.0,16.0,3.0,16.0,16.0,16.0,1.0,1.0,15.0,12.0,16.0,6.0,16.0,16.0,16.0,4.0,16.0,10.0,14.0,16.0,16.0,16.0,0.28438511326860844,0.3762135922330097,0.5008090614886731,0.5889967637540453,0.7003236245954696,0.8425566343042072,1.0
0.031802188605070114,16.0,16.0,16.0,13.0,16.0,16.0,16.0,8.0,16.0,16.0,16.0,2.0,16.0,16.0,16.0,14.0,16.0,16.0,16.0,12.0,12.0,6.0,16.0,16.0,16.0,16.0,12.0,4.0,16.0,4.0,16.0,3.0,16.0,16.0,16.0,16.0,16.0,16.0,7.0,14.0,16.0,16.0,16.0,16.0,16.0,16.0,16.0,3.0,16.0,16.0,16.0,16.0,16.0,16.0,16.0,16.0,16.0,16.0,16.0,14.0,16.0,16.0,16.0,16.0,16.0,16.0,16.0,16.0,16.0,1.0,4.0,16.0,16.0,16.0,16.0,16.0,16.0,16.0,16.0,12.0,4.0,16.0,16.0,16.0,16.0,3.0,4.0,15.0,16.0,16.0,16.0,16.0,16.0,16.0,2.0,12.0,4.0,16.0,16.0,16.0,0.2848612007746934,0.3808908973531311,0.5015332472562944,0.5903001936733377,0.6994835377663011,0.8448192382182055,1.0
0.03171142563223839,3.0,2.0,16.0,4.0,15.0,16.0,2.0,16.0,16.0,2.0,3.0,16.0,16.0,16.0,16.0,16.0,16.0,16.0,16.0,5.0,14.0,6.0,14.0,9.0,12.0,16.0,16.0,16.0,9.0,16.0,16.0,1.0,16.0,16.0,16.0,16.0,16.0,16.0,16.0,16.0,16.0,16.0,16.0,16.0,16.0,16.0,16.0,16.0,2.0,16.0,16.0,16.0,16.0,2.0,12.0,2.0,16.0,16.0,16.0,16.0,4.0,11.0,10.0,14.0,16.0,16.0,16.0,16.0,16.0,16.0,16.0,3.0,4.0,16.0,16.0,16.0,16.0,16.0,16.0,16.0,16.0,16.0,2.0,16.0,16.0,16.0,16.0,9.0,1.0,16.0,16.0,7.0,7.0,16.0,16.0,16.0,16.0,16.0,16.0,14.0,0.2847160870612803,0.38711750060236144,0.5039755842904187,0.5915187535137743,0.6981768532647985,0.8467592964420534,1.0
0.03706534951925278,16.0,16.0,16.0,16.0,16.0,16.0,14.0,16.0,4.0,2.0,14.0,6.0,16.0,16.0,16.0,1.0,11.0,8.0,15.0,16.0,2.0,16.0,16.0,16.0,16.0,15.0,16.0,16.0,16.0,16.0,16.0,16.0,16.0,16.0,16.0,16.0,16.0,16.0,1.0,16.0,16.0,16.0,3.0,4.0,16.0,16.0,16.0,16.0,16.0,16.0,16.0,7.0,16.0,16.0,16.0,16.0,16.0,12.0,14.0,16.0,16.0,16.0,16.0,16.0,16.0,3.0,1.0,16.0,3.0,8.0,12.0,4.0,12.0,16.0,16.0,16.0,16.0,16.0,16.0,16.0,16.0,16.0,16.0,16.0,4.0,4.0,16.0,16.0,15.0,16.0,16.0,16.0,11.0,14.0,12.0,16.0,3.0,10.0,16.0,16.0,0.2837331633059696,0.3909301028134216,0.5041045668287241,0.591137323663027,0.6954650514067111,0.8435482585478602,1.0
0.048811737447977066,16.0,6.0,2.0,16.0,16.0,16.0,16.0,16.0,16.0,16.0,3.0,16.0,16.0,16.0,6.0,2.0,14.0,16.0,16.0,16.0,15.0,16.0,16.0,16.0,12.0,16.0,16.0,16.0,16.0,3.0,10.0,10.0,10.0,16.0,16.0,16.0,16.0,16.0,11.0,7.0,2.0,16.0,16.0,16.0,16.0,2.0,16.0,16.0,16.0,16.0,16.0,16.0,16.0,2.0,5.0,10.0,11.0,16.0,5.0,12.0,14.0,16.0,16.0,16.0,16.0,16.0,16.0,16.0,10.0,6.0,16.0,16.0,16.0,10.0,16.0,6.0,16.0,1.0,15.0,16.0,16.0,16.0,15.0,15.0,16.0,16.0,16.0,16.0,3.0,10.0,16.0,16.0,16.0,6.0,16.0,4.0,16.0,16.0,16.0,1.0,0.28650424747555714,0.3958967783298608,0.5081743869209812,0.5952075653149546,0.7004327616605229,0.8482128546241391,1.0
0.031165694817900658,1.0,16.0,2.0,16.0,16.0,16.0,2.0,16.0,16.0,16.0,16.0,16.0,14.0,16.0,16.0,16.0,16.0,16.0,16.0,16.0,16.0,16.0,16.0,1.0,16.0,16.0,16.0,16.0,16.0,16.0,16.0,14.0,16.0,16.0,16.0,5.0,15.0,16.0,16.0,16.0,16.0,4.0,16.0,16.0,16.0,12.0,16.0,16.0,16.0,2.0,16.0,2.0,13.0,16.0,16.0,16.0,16.0,1.0,4.0,1.0,16.0,16.0,16.0,16.0,16.0,16.0,16.0,13.0,3.0,5.0,15.0,16.0,16.0,16.0,16.0,8.0,16.0,3.0,16.0,16.0,16.0,16.0,2.0,2.0,16.0,16.0,16.0,6.0,16.0,16.0,16.0,12.0,16.0,16.0,16.0,16.0,16.0,16.0,16.0,16.0,0.28537360890302066,0.3962639109697933,0.5056438791732909,0.5927662957074721,0.6980127186009542,0.844435612082671,1.0
0.011923836544156075,6.0,16.0,3.0,4.0,14.0,16.0,4.0,16.0,16.0,16.0,16.0,12.0,16.0,4.0,6.0,6.0,3.0,16.0,16.0,16.0,16.0,1.0,15.0,10.0,12.0,4.0,12.0,14.0,16.0,16.0,16.0,8.0,16.0,12.0,14.0,16.0,16.0,16.0,16.0,12.0,4.0,1.0,16.0,11.0,16.0,16.0,16.0,1.0,16.0,16.0,12.0,4.0,1.0,16.0,16.0,16.0,3.0,6.0,1.0,9.0,3.0,9.0,1.0,15.0,16.0,16.0,16.0,14.0,3.0,12.0,6.0,4.0,4.0,3.0,12.0,10.0,12.0,16.0,16.0,4.0,16.0,16.0,16.0,16.0,16.0,14.0,16.0,16.0,16.0,1.0,12.0,4.0,16.0,16.0,16.0,12.0,1.0,1.0,16.0,6.0,0.28298936835522226,0.3982958098811761,0.5015634771732336,0.5878674171357103,0.6905096935584748,0.8391963727329588,1.0
0.005618303082883358,16.0,4.0,16.0,12.0,8.0,15.0,10.0,16.0,16.0,16.0,12.0,4.0,3.0,16.0,12.0,4.0,3.0,16.0,4.0,16.0,12.0,1.0,1.0,3.0,16.0,1.0,12.0,16.0,16.0,6.0,10.0,4.0,1.0,2.0,4.0,15.0,4.0,16.0,2.0,12.0,1.0,12.0,16.0,16.0,2.0,16.0,4.0,12.0,12.0,4.0,6.0,1.0,1.0,16.0,12.0,4.0,16.0,10.0,12.0,4.0,16.0,2.0,15.0,16.0,6.0,16.0,2.0,2.0,6.0,3.0,16.0,3.0,4.0,16.0,12.0,3.0,3.0,1.0,1.0,3.0,10.0,2.0,1.0,15.0,7.0,16.0,3.0,1.0,16.0,12.0,3.0,16.0,4.0,1.0,15.0,4.0,12.0,6.0,4.0,3.0,0.2821573524820481,0.39494224164845465,0.5003122073056511,0.5865594754917266,0.6895878863565409,0.8378863565407432,1.0
0.006204400211572647,2.0,16.0,12.0,1.0,6.0,16.0,2.0,16.0,10.0,16.0,1.0,2.0,16.0,6.0,2.0,1.0,15.0,2.0,16.0,16.0,16.0,4.0,4.0,12.0,2.0,12.0,4.0,12.0,10.0,16.0,16.0,3.0,3.0,16.0,16.0,6.0,10.0,12.0,16.0,4.0,6.0,16.0,10.0,16.0,1.0,3.0,4.0,12.0,16.0,16.0,15.0,6.0,4.0,3.0,12.0,8.0,4.0,16.0,16.0,16.0,2.0,10.0,16.0,2.0,12.0,1.0,15.0,16.0,1.0,16.0,15.0,3.0,3.0,2.0,16.0,1.0,1.0,2.0,4.0,16.0,3.0,12.0,16.0,4.0,16.0,12.0,16.0,16.0,12.0,6.0,4.0,3.0,4.0,12.0,3.0,1.0,4.0,16.0,12.0,4.0,0.28063427270586394,0.3877855404662848,0.4980767721171208,0.5841902818117591,0.6896145694324517,0.8379778632545728,1.0
0.0059042335487902164,16.0,10.0,3.0,15.0,12.0,12.0,3.0,16.0,16.0,1.0,16.0,1.0,4.0,4.0,12.0,15.0,16.0,1.0,15.0,3.0,16.0,4.0,12.0,16.0,16.0,16.0,1.0,1.0,4.0,12.0,16.0,6.0,12.0,3.0,1.0,4.0,1.0,10.0,15.0,5.0,16.0,4.0,3.0,16.0,6.0,10.0,12.0,12.0,16.0,3.0,16.0,1.0,16.0,4.0,16.0,2.0,1.0,4.0,16.0,4.0,8.0,12.0,3.0,15.0,3.0,12.0,6.0,3.0,16.0,16.0,10.0,16.0,6.0,3.0,12.0,10.0,16.0,16.0,1.0,16.0,16.0,3.0,16.0,16.0,16.0,2.0,16.0,16.0,3.0,16.0,16.0,16.0,16.0,16.0,16.0,6.0,16.0,6.0,3.0,16.0,0.2796763296409774,0.3825909340875168,0.49532563437819166,0.5830780108413859,0.6877995129232464,0.8375363343546238,1.0
0.017234044149518013,3.0,16.0,16.0,16.0,15.0,16.0,16.0,16.0,16.0,16.0,16.0,1.0,16.0,4.0,9.0,4.0,12.0,12.0,10.0,3.0,1.0,16.0,16.0,1.0,16.0,16.0,16.0,4.0,14.0,3.0,16.0,12.0,16.0,16.0,16.0,16.0,16.0,16.0,16.0,16.0,16.0,4.0,14.0,16.0,16.0,16.0,15.0,16.0,16.0,16.0,16.0,4.0,16.0,14.0,16.0,16.0,12.0,16.0,1.0,3.0,3.0,11.0,3.0,3.0,16.0,16.0,16.0,1.0,16.0,6.0,16.0,4.0,5.0,16.0,16.0,16.0,2.0,15.0,16.0,3.0,14.0,16.0,16.0,16.0,5.0,16.0,16.0,16.0,16.0,10.0,7.0,4.0,3.0,6.0,1.0,16.0,4.0,16.0,16.0,16.0,0.27924172107291767,0.37559977975300896,0.492016046566507,0.5798788641548024,0.6851254621253838,0.8356013529458042,1.0
0.008867803029716015,2.0,16.0,12.0,15.0,12.0,16.0,16.0,16.0,16.0,16.0,16.0,16.0,16.0,16.0,12.0,4.0,16.0,3.0,1.0,4.0,4.0,2.0,16.0,14.0,16.0,16.0,16.0,3.0,16.0,6.0,4.0,1.0,4.0,2.0,5.0,9.0,1.0,9.0,10.0,12.0,16.0,12.0,1.0,15.0,10.0,16.0,16.0,16.0,16.0,3.0,3.0,1.0,16.0,12.0,3.0,4.0,12.0,16.0,4.0,16.0,1.0,3.0,3.0,16.0,1.0,16.0,12.0,4.0,16.0,16.0,2.0,1.0,3.0,1.0,1.0,2.0,16.0,15.0,16.0,3.0,4.0,3.0,4.0,6.0,12.0,2.0,3.0,2.0,3.0,12.0,4.0,12.0,6.0,10.0,4.0,3.0,1.0,3.0,1.0,1.0,0.2801894238358327,0.3788476716653512,0.4936858721389108,0.5832675611681136,0.6882399368587214,0.8376479873717444,1.0
0.005852381233125925,16.0,4.0,15.0,6.0,16.0,16.0,16.0,12.0,4.0,7.0,1.0,6.0,16.0,4.0,1.0,3.0,16.0,2.0,6.0,4.0,10.0,16.0,3.0,1.0,6.0,12.0,12.0,1.0,15.0,16.0,10.0,1.0,16.0,4.0,16.0,12.0,4.0,12.0,4.0,1.0,16.0,6.0,10.0,16.0,3.0,15.0,2.0,16.0,5.0,16.0,16.0,12.0,6.0,10.0,16.0,3.0,3.0,4.0,6.0,12.0,1.0,3.0,16.0,1.0,12.0,10.0,3.0,2.0,3.0,15.0,4.0,16.0,16.0,16.0,4.0,16.0,1.0,3.0,12.0,1.0,12.0,4.0,6.0,3.0,15.0,16.0,10.0,3.0,16.0,4.0,12.0,4.0,2.0,1.0,3.0,16.0,16.0,1.0,4.0,12.0,0.27940015785319655,0.3745067087608524,0.4905288082083662,0.5812943962115232,0.6872928176795582,0.8370165745856354,1.0
0.005898628383874893,4.0,2.0,16.0,12.0,3.0,3.0,1.0,16.0,2.0,3.0,4.0,3.0,4.0,15.0,6.0,12.0,4.0,16.0,3.0,10.0,3.0,16.0,12.0,4.0,12.0,16.0,12.0,4.0,16.0,12.0,16.0,1.0,3.0,3.0,16.0,15.0,16.0,3.0,4.0,16.0,6.0,12.0,4.0,10.0,1.0,3.0,3.0,3.0,3.0,3.0,3.0,1.0,3.0,12.0,3.0,3.0,16.0,4.0,2.0,15.0,16.0,3.0,16.0,12.0,4.0,16.0,12.0,3.0,4.0,16.0,6.0,10.0,16.0,4.0,12.0,4.0,12.0,16.0,16.0,16.0,3.0,3.0,3.0,3.0,1.0,3.0,3.0,3.0,3.0,3.0,15.0,16.0,12.0,6.0,10.0,3.0,4.0,3.0,1.0,3.0,0.27941176470588236,0.3684419713831478,0.4900635930047695,0.5814785373608903,0.6895866454689984,0.8421303656597775,1.0
0.008515847846865654,2.0,1.0,4.0,5.0,16.0,4.0,12.0,3.0,16.0,4.0,12.0,16.0,16.0,5.0,12.0,1.0,16.0,3.0,6.0,1.0,3.0,12.0,3.0,15.0,2.0,4.0,4.0,12.0,5.0,2.0,16.0,3.0,4.0,2.0,2.0,1.0,3.0,10.0,6.0,2.0,16.0,2.0,12.0,4.0,16.0,12.0,4.0,16.0,2.0,1.0,16.0,3.0,4.0,16.0,3.0,3.0,3.0,2.0,1.0,2.0,3.0,15.0,2.0,4.0,12.0,16.0,12.0,3.0,6.0,3.0,1.0,16.0,1.0,3.0,6.0,10.0,3.0,16.0,15.0,4.0,12.0,16.0,16.0,16.0,3.0,3.0,2.0,10.0,2.0,4.0,2.0,2.0,4.0,4.0,1.0,16.0,12.0,12.0,2.0,4.0,0.2785526420658325,0.3654259982465929,0.4865704949390293,0.57822587072607,0.6892484259185465,0.8426715549533755,1.0
0.006244012154638767,6.0,2.0,16.0,1.0,12.0,10.0,2.0,1.0,1.0,15.0,3.0,4.0,3.0,3.0,3.0,3.0,16.0,12.0,16.0,16.0,16.0,12.0,4.0,4.0,3.0,6.0,10.0,16.0,12.0,16.0,16.0,3.0,16.0,12.0,1.0,4.0,1.0,4.0,4.0,15.0,12.0,12.0,16.0,16.0,1.0,4.0,15.0,16.0,3.0,6.0,12.0,2.0,2.0,1.0,3.0,10.0,16.0,3.0,1.0,15.0,16.0,6.0,10.0,16.0,6.0,10.0,16.0,3.0,16.0,4.0,3.0,1.0,16.0,16.0,3.0,2.0,12.0,16.0,4.0,3.0,12.0,16.0,3.0,2.0,6.0,3.0,1.0,3.0,12.0,4.0,16.0,4.0,12.0,4.0,10.0,4.0,3.0,15.0,12.0,12.0,0.2768873216861678,0.3598333066196508,0.4864561628466103,0.5774162526045844,0.690415130629909,0.8433242506811995,1.0
0.00535582797601819,3.0,16.0,1.0,15.0,16.0,16.0,16.0,1.0,3.0,16.0,16.0,3.0,3.0,15.0,3.0,3.0,3.0,4.0,2.0,3.0,3.0,3.0,12.0,3.0,12.0,16.0,6.0,4.0,4.0,3.0,16.0,12.0,1.0,16.0,3.0,15.0,3.0,10.0,12.0,4.0,16.0,4.0,1.0,3.0,3.0,16.0,3.0,12.0,16.0,2.0,16.0,2.0,4.0,16.0,12.0,3.0,12.0,1.0,2.0,4.0,4.0,6.0,15.0,3.0,3.0,12.0,10.0,16.0,16.0,3.0,1.0,1.0,3.0,16.0,6.0,10.0,16.0,16.0,3.0,4.0,1.0,15.0,16.0,16.0,4.0,12.0,16.0,4.0,12.0,3.0,1.0,15.0,12.0,1.0,3.0,6.0,10.0,16.0,16.0,4.0,0.275601926163724,0.351123595505618,0.4828250401284108,0.5742375601926164,0.6876404494382024,0.8426163723916533,1.0
0.005138828884810209,16.0,3.0,3.0,12.0,6.0,2.0,1.0,2.0,16.0,1.0,3.0,3.0,1.0,12.0,4.0,12.0,3.0,15.0,16.0,10.0,4.0,16.0,3.0,12.0,4.0,16.0,1.0,16.0,3.0,16.0,4.0,4.0,12.0,16.0,1.0,4.0,12.0,16.0,6.0,12.0,1.0,15.0,2.0,10.0,3.0,3.0,16.0,16.0,16.0,16.0,12.0,1.0,15.0,3.0,4.0,4.0,12.0,3.0,4.0,16.0,12.0,16.0,4.0,16.0,6.0,16.0,3.0,4.0,1.0,10.0,12.0,4.0,15.0,1.0,12.0,12.0,4.0,1.0,3.0,1.0,16.0,16.0,3.0,16.0,1.0,15.0,16.0,4.0,12.0,3.0,16.0,6.0,4.0,16.0,1.0,16.0,1.0,3.0,10.0,12.0,0.27446877012234394,0.3465067611075339,0.480521571152608,0.5734867997424342,0.6856084996780428,0.8411139729555701,1.0
0.006047811824828386,3.0,12.0,4.0,16.0,12.0,15.0,16.0,1.0,16.0,6.0,10.0,4.0,16.0,4.0,16.0,4.0,3.0,12.0,2.0,3.0,3.0,12.0,3.0,3.0,1.0,6.0,16.0,15.0,16.0,10.0,16.0,3.0,12.0,16.0,6.0,10.0,16.0,6.0,10.0,4.0,3.0,3.0,16.0,2.0,1.0,3.0,3.0,4.0,16.0,1.0,2.0,1.0,1.0,12.0,16.0,4.0,4.0,16.0,15.0,12.0,16.0,12.0,6.0,16.0,3.0,12.0,4.0,10.0,3.0,3.0,4.0,12.0,16.0,16.0,16.0,1.0,15.0,3.0,3.0,16.0,3.0,3.0,4.0,3.0,1.0,1.0,16.0,12.0,12.0,6.0,4.0,16.0,12.0,2.0,10.0,3.0,3.0,1.0,4.0,4.0,0.27356358941252423,0.33852485474499683,0.47772756617172374,0.5721433182698517,0.6847159457714656,0.839816010329245,1.0
0.005592157132923603,16.0,12.0,4.0,16.0,16.0,3.0,5.0,2.0,12.0,15.0,3.0,16.0,16.0,3.0,16.0,3.0,3.0,4.0,4.0,12.0,3.0,6.0,3.0,3.0,1.0,1.0,12.0,3.0,10.0,16.0,15.0,3.0,12.0,4.0,1.0,16.0,12.0,4.0,16.0,16.0,4.0,16.0,12.0,1.0,3.0,12.0,6.0,4.0,1.0,1.0,16.0,3.0,4.0,12.0,3.0,10.0,15.0,3.0,16.0,16.0,1.0,1.0,4.0,12.0,16.0,6.0,16.0,12.0,4.0,3.0,3.0,3.0,10.0,1.0,3.0,16.0,2.0,4.0,3.0,3.0,1.0,12.0,16.0,6.0,16.0,2.0,4.0,15.0,16.0,16.0,12.0,2.0,10.0,1.0,3.0,4.0,12.0,4.0,16.0,12.0,0.2728595682755276,0.3334950278923115,0.4745735306006954,0.5715902659875497,0.6835637480798773,0.8374161209475305,1.0
0.006255840416997671,4.0,16.0,3.0,16.0,3.0,16.0,12.0,2.0,15.0,12.0,4.0,2.0,16.0,1.0,15.0,4.0,16.0,4.0,12.0,3.0,3.0,3.0,6.0,2.0,16.0,16.0,4.0,12.0,10.0,2.0,16.0,16.0,16.0,2.0,1.0,4.0,3.0,3.0,6.0,10.0,15.0,12.0,12.0,4.0,2.0,3.0,12.0,7.0,3.0,16.0,3.0,16.0,4.0,12.0,16.0,4.0,12.0,4.0,1.0,16.0,3.0,3.0,3.0,16.0,16.0,12.0,3.0,3.0,1.0,4.0,15.0,16.0,16.0,12.0,1.0,3.0,15.0,3.0,6.0,2.0,3.0,16.0,16.0,4.0,4.0,12.0,3.0,12.0,10.0,3.0,16.0,3.0,3.0,1.0,9.0,2.0,16.0,4.0,12.0,6.0,0.2718360071301248,0.3297682709447416,0.47075028358450827,0.5691946199967591,0.6820612542537678,0.8369794198671205,1.0
0.006590193137526512,10.0,15.0,16.0,4.0,12.0,2.0,1.0,3.0,3.0,3.0,3.0,3.0,16.0,1.0,3.0,16.0,4.0,12.0,1.0,4.0,16.0,12.0,16.0,4.0,12.0,16.0,3.0,3.0,3.0,2.0,16.0,1.0,1.0,4.0,16.0,15.0,16.0,1.0,15.0,6.0,6.0,16.0,16.0,4.0,12.0,4.0,16.0,10.0,12.0,16.0,6.0,10.0,16.0,6.0,10.0,2.0,1.0,3.0,12.0,3.0,4.0,3.0,4.0,1.0,16.0,2.0,12.0,15.0,16.0,1.0,16.0,2.0,3.0,4.0,12.0,6.0,16.0,16.0,3.0,3.0,3.0,10.0,4.0,16.0,3.0,12.0,1.0,3.0,4.0,12.0,16.0,3.0,15.0,3.0,3.0,3.0,2.0,16.0,4.0,12.0,0.2717965385552938,0.32623710083692214,0.4680263264808646,0.5687819939871619,0.6807507922320633,0.8370845860079633,1.0
0.005479658488184214,16.0,16.0,12.0,4.0,1.0,3.0,4.0,16.0,1.0,12.0,2.0,15.0,4.0,16.0,3.0,6.0,12.0,3.0,3.0,3.0,16.0,10.0,10.0,16.0,1.0,15.0,12.0,1.0,16.0,4.0,12.0,4.0,16.0,3.0,1.0,5.0,4.0,3.0,16.0,16.0,1.0,3.0,15.0,12.0,4.0,16.0,12.0,6.0,3.0,2.0,16.0,10.0,16.0,3.0,16.0,6.0,4.0,3.0,2.0,10.0,12.0,16.0,1.0,15.0,12.0,4.0,3.0,4.0,3.0,16.0,2.0,12.0,16.0,16.0,3.0,1.0,5.0,16.0,6.0,10.0,16.0,12.0,4.0,12.0,1.0,16.0,4.0,12.0,2.0,15.0,16.0,16.0,1.0,6.0,1.0,1.0,3.0,4.0,16.0,4.0,0.2706216984965461,0.32385209264526615,0.4656643640796424,0.5672490857375051,0.679479886225112,0.8340511986997157,1.0
0.005009643733501434,10.0,15.0,3.0,16.0,2.0,12.0,3.0,3.0,2.0,4.0,16.0,16.0,12.0,16.0,12.0,6.0,11.0,2.0,4.0,16.0,4.0,1.0,10.0,4.0,1.0,3.0,12.0,15.0,16.0,3.0,4.0,12.0,16.0,16.0,3.0,1.0,1.0,1.0,15.0,16.0,3.0,4.0,16.0,3.0,16.0,4.0,12.0,12.0,1.0,12.0,4.0,6.0,15.0,6.0,16.0,10.0,16.0,16.0,10.0,3.0,16.0,3.0,6.0,2.0,16.0,4.0,4.0,3.0,3.0,12.0,2.0,12.0,1.0,15.0,16.0,3.0,1.0,6.0,16.0,16.0,16.0,10.0,16.0,6.0,10.0,3.0,10.0,4.0,12.0,7.0,1.0,16.0,6.0,4.0,12.0,3.0,15.0,16.0,3.0,2.0,0.2703471826977804,0.3227904707699814,0.4642653874298725,0.5654931295227256,0.6793235222375805,0.8344580860232543,1.0
